Election Co,mmissi,on of India,- General Election,"s, 1991(10th LO",K SABHA),,,,,,
,,,,,,,,,,,
VOTES PO,LL,ED I,N STAT,ES BY,PART,IES,,,,,
,,,,,,,,,,,
"STATE/UT,",,,,SEATS,,,VOTES,% OF,,,
NUMBER OF PAR,TY,PARTY,,CONT- SE,ATS FD,IN P,OLLED,VOTES,,,
CONSTITUENCIES T,YPE,,,ESTED W,ON SE,ATS BY,PARTY,POLLED,,,
,,,,,,,,,,,
1,2,3,,4,5,6,7,8,,,
,,,,,,,,,,,
NDHRA PRADESH,42,,,,,,,,,,
,,,,,,,,,,,
,N,BJP,,41,1,34,2454665,9.63%,,,
,,,,,,,,,,,
,N,CPI,,2,1,0,477689,1.87%,,,
,,,,,,,,,,,
,N,CPM,,2,1,0,619517,2.43%,,,
,,,,,,,,,,,
,N,ICS(SCS),,1,0,0,229903,0.90%,,,
,,,,,,,,,,,
,N,INC,,42,25,1,11610772,45.55%,,,
,,,,,,,,,,,
,N,JD,,2,0,1,138875,0.54%,,,
,,,,,,,,,,,
,N,JP,,32,0,32,83552,0.33%,,,
,,,,,,,,,,,
,N,LKD,,1,0,1,1536,0.01%,,,
,,,,,,,,,,,
,S,BSP,,29,0,29,96097,0.38%,,,
,,,,,,,,,,,
,S,TDP,,35,13,1,8223271,32.26%,,,
,,,,,,,,,,,
,U,BDLP,,1,0,1,142,0.00%,,,
,,,,,,,,,,,
,U,BKUS,,1,0,1,164,0.00%,,,
,,,,,,,,,,,
,U,IPF,,1,0,1,7287,0.03%,,,
,,,,,,,,,,,
,U,JNP,,1,0,1,257,0.00%,,,
,,,,,,,,,,,
,U,LAB(B),,1,0,1,434,0.00%,,,
,,,,,,,,,,,
,U,LKP,,2,0,2,2873,0.01%,,,
,,,,,,,,,,,
,U,MCPI,,4,0,4,39877,0.16%,,,
,,,,,,,,,,,
,U,MIM,,1,1,0,454823,1.78%,,,
,,,,,,,,,,,
,U,MSD,,2,0,2,503,0.00%,,,
,,,,,,,,,,,
,U,NBP,,2,0,2,787,0.00%,,,
,,,,,,,,,,,
,U,RPK,,1,0,1,569,0.00%,,,
,,,,,,,,,,,
,U,SRP,,1,0,1,571,0.00%,,,
,,,,,,,,,,,
,U,SSD,,1,0,1,474,0.00%,,,
,,,,,,,,,,,
,Z,IND,,403,0,402,1044005,4.10%,,,
,,,,,,,,,,,
"State/UT total (Contestants, Seats","Won, F","D in Seats,",Valid Votes) :,609,42,519,25488643,,,,
,,,,,,,,,,,
ACHAL PRADESH,2,,,,,,,,,,
,,,,,,,,,,,
,N,BJP,,2,0,2,15943,6.11%,,,
,,,,,,,,,,,
,N,INC,,2,2,0,179824,68.92%,,,
,,,,,,,,,,,
,N,JD,,2,0,0,64380,24.68%,,,
,,,,,,,,,,,
,Z,IND,,1,0,1,754,0.29%,,,
,,,,,,,,,,,
"State/UT total (Contestants, Seats","Won, F","D in Seats,",Valid Votes) :,7,2,3,260901,,,,
,,,,,,,,,,,
ASSAM,14,,,,,,,,,,
,,,,,,,,,,,
,N,BJP,,8,2,4,811798,9.60%,,,
,,,,,,,,,,,
,N,CPI,,4,0,4,181837,2.15%,,,
,,,,,,,,,,,
,N,CPM,,2,1,0,400122,4.73%,,,
,,,,,,,,,,,
,N,ICS(SCS),,5,0,5,182174,2.15%,,,
"ELECTIONS - INDIA, 1991",,,VOT,ES,POLLED IN ST,ATES BY,PARTIES,,,,
,,,,,,,,,,,
"STATE/UT,",,,SEATS,,,VOTES,% OF,,,,
NUMBER OF PAR,TY,PARTY,CONT- SE,ATS,FD IN P,OLLED,VOTES,,,,
CONSTITUENCIES TY,PE,,ESTED W,ON,SEATS BY,PARTY,POLLED,,,,
,,,,,,,,,,,
1,2,3,4,5,6,7,8,,,,
,,,,,,,,,,,
ASSAM 1,4,,,,,,,,,,
,,,,,,,,,,,
,N,INC,14,8,1,2409284,28.49%,,,,
,,,,,,,,,,,
,N,JD,6,0,5,436202,5.16%,,,,
,,,,,,,,,,,
,N,JD(S),2,0,2,4548,0.05%,,,,
,,,,,,,,,,,
,N,JP,6,0,6,60966,0.72%,,,,
,,,,,,,,,,,
,S,AGP,14,1,6,1489898,17.62%,,,,
,,,,,,,,,,,
,S,NAGP,11,0,10,494628,5.85%,,,,
,,,,,,,,,,,
,S,PTCA,2,0,2,87387,1.03%,,,,
,,,,,,,,,,,
,S,UMF,3,0,2,206737,2.44%,,,,
,,,,,,,,,,,
,U,ADC,1,1,0,139785,1.65%,,,,
,,,,,,,,,,,
,U,AJD,2,0,2,8519,0.10%,,,,
,,,,,,,,,,,
,U,AJP,1,0,1,8047,0.10%,,,,
,,,,,,,,,,,
,U,DDP,2,0,2,10282,0.12%,,,,
,,,,,,,,,,,
,U,IPF,1,0,1,24966,0.30%,,,,
,,,,,,,,,,,
,U,SLP,2,0,2,125738,1.49%,,,,
,,,,,,,,,,,
,U,URC,9,0,9,170376,2.01%,,,,
,,,,,,,,,,,
,Z,IND,72,1,71,1204692,14.24%,,,,
,,,,,,,,,,,
"State/UT total (Contestants, Seats W","on, F","D in Seats, Valid Votes) :",167,14,135,8457986,,,,,
,,,,,,,,,,,
BIHAR 5,4,,,,,,,,,,
,,,,,,,,,,,
,N,BJP,51,5,27,4721008,15.95%,,,,
,,,,,,,,,,,
,N,CPI,8,8,0,2236019,7.55%,,,,
,,,,,,,,,,,
,N,CPM,1,1,0,418010,1.41%,,,,
,,,,,,,,,,,
,N,ICS(SCS),7,0,7,10663,0.04%,,,,
,,,,,,,,,,,
,N,INC,51,1,18,7007304,23.67%,,,,
,,,,,,,,,,,
,N,JD,36,31,1,10106137,34.14%,,,,
,,,,,,,,,,,
,N,JP,48,0,41,1747975,5.90%,,,,
,,,,,,,,,,,
,N,LKD,17,0,17,34981,0.12%,,,,
,,,,,,,,,,,
,S,BSP,24,0,24,41466,0.14%,,,,
,,,,,,,,,,,
,S,FBL,4,0,4,2513,0.01%,,,,
,,,,,,,,,,,
,S,JMM,8,6,2,1335613,4.51%,,,,
,,,,,,,,,,,
,U,ABSP,1,0,1,166,0.00%,,,,
,,,,,,,,,,,
,U,AMB,2,0,2,1657,0.01%,,,,
,,,,,,,,,,,
,U,AZP,1,0,1,305,0.00%,,,,
,,,,,,,,,,,
,U,BKUS,15,0,15,8348,0.03%,,,,
,,,,,,,,,,,
,U,DBM,3,0,3,1792,0.01%,,,,
,,,,,,,,,,,
,U,DDP,41,0,41,21828,0.07%,,,,
,,,,,,,,,,,
,U,DMM,1,0,1,1843,0.01%,,,,
,,,,,,,,,,,
,U,HMS,1,0,1,741,0.00%,,,,
,,,,,,,,,,,
,U,IPF,17,0,16,585881,1.98%,,,,
,,,,,,,,,,,
,U,JF,1,0,1,5521,0.02%,,,,
,,,,,,,,,,,
,U,JKP,10,0,9,103357,0.35%,,,,
,,,,,,,,,,,
,U,JMS,1,0,1,138,0.00%,,,,
"ELECTIONS - INDIA, 1991",,,VOT,ES,POLLED IN ST,ATES BY,PARTIES,,,,
,,,,,,,,,,,
"STATE/UT,",,,SEATS,,,VOTES,% OF,,,,
NUMBER OF PAR,TY,PARTY,CONT- SE,ATS,FD IN P,OLLED,VOTES,,,,
CONSTITUENCIES T,YPE,,ESTED W,ON,SEATS BY,PARTY,POLLED,,,,
,,,,,,,,,,,
1,2,3,4,5,6,7,8,,,,
,,,,,,,,,,,
BIHAR,54,,,,,,,,,,
,,,,,,,,,,,
,U,JNP,3,0,3,4695,0.02%,,,,
,,,,,,,,,,,
,U,LAJM,1,0,1,257,0.00%,,,,
,,,,,,,,,,,
,U,M-COR,1,0,0,171767,0.58%,,,,
,,,,,,,,,,,
,U,MSD,1,0,1,742,0.00%,,,,
,,,,,,,,,,,
,U,PBI,4,0,4,3468,0.01%,,,,
,,,,,,,,,,,
,U,RRP(S),1,0,1,423,0.00%,,,,
,,,,,,,,,,,
,U,SKD,7,0,7,29647,0.10%,,,,
,,,,,,,,,,,
,U,SOP(L),6,0,6,4233,0.01%,,,,
,,,,,,,,,,,
,U,SSD,6,0,6,6980,0.02%,,,,
,,,,,,,,,,,
,Z,IND,835,0,834,986376,3.33%,,,,
,,,,,,,,,,,
"State/UT total (Contestants, Seats","Won, F","D in Seats, Valid Votes) :",1214,52,1096,29601854,,,,,
,,,,,,,,,,,
GOA,2,,,,,,,,,,
,,,,,,,,,,,
,N,BJP,2,0,1,49129,15.61%,,,,
,,,,,,,,,,,
,N,CPI,2,0,2,4658,1.48%,,,,
,,,,,,,,,,,
,N,INC,2,2,0,181434,57.66%,,,,
,,,,,,,,,,,
,N,JD,1,0,1,3285,1.04%,,,,
,,,,,,,,,,,
,N,LKD,2,0,2,576,0.18%,,,,
,,,,,,,,,,,
,S,BSP,2,0,2,1931,0.61%,,,,
,,,,,,,,,,,
,S,MAG,2,0,0,64752,20.58%,,,,
,,,,,,,,,,,
,U,DDP,1,0,1,172,0.05%,,,,
,,,,,,,,,,,
,U,GLP,2,0,2,1983,0.63%,,,,
,,,,,,,,,,,
,Z,IND,17,0,17,6746,2.14%,,,,
,,,,,,,,,,,
"State/UT total (Contestants, Seats","Won, F","D in Seats, Valid Votes) :",33,2,28,314666,,,,,
,,,,,,,,,,,
GUJARAT,26,,,,,,,,,,
,,,,,,,,,,,
,N,BJP,26,20,0,5394221,50.37%,,,,
,,,,,,,,,,,
,N,ICS(SCS),1,0,1,1667,0.02%,,,,
,,,,,,,,,,,
,N,INC,16,5,0,3104937,28.99%,,,,
,,,,,,,,,,,
,N,JD,24,0,24,366118,3.42%,,,,
,,,,,,,,,,,
,N,JP,19,0,19,60644,0.57%,,,,
,,,,,,,,,,,
,S,BSP,1,0,1,1898,0.02%,,,,
,,,,,,,,,,,
,S,FBL,1,0,1,289,0.00%,,,,
,,,,,,,,,,,
,S,RPI,5,0,5,4567,0.04%,,,,
,,,,,,,,,,,
,U,AHF,3,0,3,1657,0.02%,,,,
,,,,,,,,,,,
,U,BJS,3,0,3,2228,0.02%,,,,
,,,,,,,,,,,
,U,DDP,26,0,26,21793,0.20%,,,,
,,,,,,,,,,,
,U,DMM,3,0,3,831,0.01%,,,,
,,,,,,,,,,,
,U,HSH,1,0,1,325,0.00%,,,,
,,,,,,,,,,,
,U,JD(G),10,1,0,1399702,13.07%,,,,
,,,,,,,,,,,
,U,JNP,1,0,1,1167,0.01%,,,,
,,,,,,,,,,,
,U,MSD,3,0,3,2401,0.02%,,,,
,,,,,,,,,,,
,U,PBI,3,0,3,1530,0.01%,,,,
"ELECTIONS - INDIA, 1",991,,,,,,VOT,ES,POLLED IN ST,ATES BY,PARTIES
,,,,,,,,,,,
"STATE/UT,",,,,,,,SEATS,,,VOTES,% OF
NUMBER OF,PAR,TY,PARTY,,,,CONT- SE,ATS,FD IN P,OLLED,VOTES
CONSTITUENCIES,T,YPE,,,,,ESTED W,ON,SEATS BY,PARTY,POLLED
,,,,,,,,,,,
1,,2,3,,,,4,5,6,7,8
,,,,,,,,,,,
GUJARAT,,26,,,,,,,,,
,,,,,,,,,,,
,,U,RPK,,,,1,0,1,2576,0.02%
,,,,,,,,,,,
,,U,SCP,,,,1,0,1,250,0.00%
,,,,,,,,,,,
,,U,SLI,,,,2,0,2,2852,0.03%
,,,,,,,,,,,
,,U,SMP,,,,1,0,1,694,0.01%
,,,,,,,,,,,
,,U,YVP,,,,11,0,11,28159,0.26%
,,,,,,,,,,,
,,Z,IND,,,,258,0,257,308371,2.88%
,,,,,,,,,,,
"State/UT total (Contestants,",Seats,"Won, F","D in Seats,",Valid,Votes),:,420,26,367,10708877,
,,,,,,,,,,,
HARYANA,,10,,,,,,,,,
,,,,,,,,,,,
,,N,BJP,,,,10,0,9,631146,10.17%
,,,,,,,,,,,
,,N,INC,,,,10,9,0,2310003,37.22%
,,,,,,,,,,,
,,N,JD,,,,7,0,4,775213,12.49%
,,,,,,,,,,,
,,N,JP,,,,10,0,1,1577389,25.41%
,,,,,,,,,,,
,,N,LKD,,,,2,0,2,8824,0.14%
,,,,,,,,,,,
,,S,BSP,,,,1,0,0,111353,1.79%
,,,,,,,,,,,
,,S,FBL,,,,1,0,1,987,0.02%
,,,,,,,,,,,
,,U,DDP,,,,10,0,10,24496,0.39%
,,,,,,,,,,,
,,U,HMS,,,,1,0,1,1053,0.02%
,,,,,,,,,,,
,,U,HVP,,,,4,1,3,331794,5.35%
,,,,,,,,,,,
,,U,JKMP,,,,3,0,3,19351,0.31%
,,,,,,,,,,,
,,U,PDL,,,,1,0,1,2213,0.04%
,,,,,,,,,,,
,,U,RKD,,,,1,0,1,1125,0.02%
,,,,,,,,,,,
,,U,RPK,,,,1,0,1,1325,0.02%
,,,,,,,,,,,
,,U,SJJP,,,,1,0,1,70368,1.13%
,,,,,,,,,,,
,,Z,IND,,,,135,0,135,340153,5.48%
,,,,,,,,,,,
"State/UT total (Contestants,",Seats,"Won, F","D in Seats,",Valid,Votes),:,198,10,173,6206793,
,,,,,,,,,,,
ACHAL PRADESH,,4,,,,,,,,,
,,,,,,,,,,,
,,N,BJP,,,,4,2,0,749726,42.79%
,,,,,,,,,,,
,,N,CPI,,,,1,0,1,12265,0.70%
,,,,,,,,,,,
,,N,ICS(SCS),,,,1,0,1,1303,0.07%
,,,,,,,,,,,
,,N,INC,,,,4,2,0,808659,46.16%
,,,,,,,,,,,
,,N,JD,,,,4,0,3,122556,7.00%
,,,,,,,,,,,
,,N,JP,,,,4,0,4,22619,1.29%
,,,,,,,,,,,
,,U,DDP,,,,4,0,4,7633,0.44%
,,,,,,,,,,,
,,U,JNP,,,,1,0,1,648,0.04%
,,,,,,,,,,,
,,U,PBI,,,,1,0,1,1152,0.07%
,,,,,,,,,,,
,,Z,IND,,,,22,0,22,25344,1.45%
,,,,,,,,,,,
"State/UT total (Contestants,",Seats,"Won, F","D in Seats,",Valid,Votes),:,46,4,37,1751905,
,,,,,,,,,,,
KARNATAKA,,28,,,,,,,,,
,,,,,,,,,,,
,,N,BJP,,,,28,4,4,4510090,29.28%
,,,,,,,,,,,
,,N,CPI,,,,1,0,0,97727,0.63%
"ELECTIONS - INDIA, 1991",,,VOT,ES,POLLED IN ST,ATES BY,PARTIES,,,,
,,,,,,,,,,,
"STATE/UT,",,,SEATS,,,VOTES,% OF,,,,
NUMBER OF PAR,TY,PARTY,CONT- SE,ATS,FD IN P,OLLED,VOTES,,,,
CONSTITUENCIES T,YPE,,ESTED W,ON,SEATS BY,PARTY,POLLED,,,,
,,,,,,,,,,,
1,2,3,4,5,6,7,8,,,,
,,,,,,,,,,,
KARNATAKA,28,,,,,,,,,,
,,,,,,,,,,,
,N,CPM,1,0,1,28010,0.18%,,,,
,,,,,,,,,,,
,N,INC,28,23,0,6490020,42.13%,,,,
,,,,,,,,,,,
,N,JD,21,0,5,2729939,17.72%,,,,
,,,,,,,,,,,
,N,JP,6,1,3,588321,3.82%,,,,
,,,,,,,,,,,
,N,LKD,3,0,3,5618,0.04%,,,,
,,,,,,,,,,,
,S,BSP,1,0,1,4509,0.03%,,,,
,,,,,,,,,,,
,S,RSP,1,0,1,148,0.00%,,,,
,,,,,,,,,,,
,U,BBP,1,0,1,329,0.00%,,,,
,,,,,,,,,,,
,U,BKUS,2,0,2,4772,0.03%,,,,
,,,,,,,,,,,
,U,CKN,1,0,1,383,0.00%,,,,
,,,,,,,,,,,
,U,DDP,4,0,4,3551,0.02%,,,,
,,,,,,,,,,,
,U,JNP,1,0,1,213,0.00%,,,,
,,,,,,,,,,,
,U,KDP,1,0,1,164,0.00%,,,,
,,,,,,,,,,,
,U,KNP,2,0,2,576,0.00%,,,,
,,,,,,,,,,,
,U,KRS,10,0,8,490275,3.18%,,,,
,,,,,,,,,,,
,U,MSD,5,0,5,10048,0.07%,,,,
,,,,,,,,,,,
,U,PBI,5,0,5,4814,0.03%,,,,
,,,,,,,,,,,
,U,RPK,1,0,1,1284,0.01%,,,,
,,,,,,,,,,,
,U,SUP,2,0,2,4489,0.03%,,,,
,,,,,,,,,,,
,Z,IND,266,0,266,427640,2.78%,,,,
,,,,,,,,,,,
"State/UT total (Contestants, Seats","Won, F","D in Seats, Valid Votes) :",391,28,317,15402920,,,,,
,,,,,,,,,,,
KERALA,20,,,,,,,,,,
,,,,,,,,,,,
,N,BJP,19,0,19,656945,4.61%,,,,
,,,,,,,,,,,
,N,CPI,4,0,0,1156798,8.12%,,,,
,,,,,,,,,,,
,N,CPM,9,3,0,2952043,20.71%,,,,
,,,,,,,,,,,
,N,ICS(SCS),1,1,0,395501,2.77%,,,,
,,,,,,,,,,,
,N,INC,16,13,0,5526187,38.77%,,,,
,,,,,,,,,,,
,N,JD,2,0,0,643366,4.51%,,,,
,,,,,,,,,,,
,N,JP,6,0,6,17883,0.13%,,,,
,,,,,,,,,,,
,N,LKD,3,0,3,3024,0.02%,,,,
,,,,,,,,,,,
,S,BSP,8,0,8,23475,0.16%,,,,
,,,,,,,,,,,
,S,KCM,1,1,0,384255,2.70%,,,,
,,,,,,,,,,,
,S,KEC,1,0,0,319933,2.24%,,,,
,,,,,,,,,,,
,S,MUL,2,2,0,715222,5.02%,,,,
,,,,,,,,,,,
,S,RPI,2,0,2,5840,0.04%,,,,
,,,,,,,,,,,
,S,RSP,1,0,0,342796,2.41%,,,,
,,,,,,,,,,,
,U,DDP,3,0,3,3268,0.02%,,,,
,,,,,,,,,,,
,U,DKP,1,0,1,4508,0.03%,,,,
,,,,,,,,,,,
,Z,IND,100,0,97,1102111,7.73%,,,,
,,,,,,,,,,,
"State/UT total (Contestants, Seats","Won, F","D in Seats, Valid Votes) :",179,20,139,14253155,,,,,
"ELECTIONS - INDIA, 1991",,,VOT,ES,POLLED IN ST,ATES BY,PARTIES,,,,
,,,,,,,,,,,
"STATE/UT,",,,SEATS,,,VOTES,% OF,,,,
NUMBER OF PAR,TY,PARTY,CONT- SE,ATS,FD IN P,OLLED,VOTES,,,,
CONSTITUENCIES TY,PE,,ESTED W,ON,SEATS BY,PARTY,POLLED,,,,
,,,,,,,,,,,
1,2,3,4,5,6,7,8,,,,
,,,,,,,,,,,
ADHYA PRADESH 4,0,,,,,,,,,,
,,,,,,,,,,,
,N,BJP,40,12,0,6859335,41.88%,,,,
,,,,,,,,,,,
,N,CPI,3,0,3,69161,0.42%,,,,
,,,,,,,,,,,
,N,CPM,1,0,1,2486,0.02%,,,,
,,,,,,,,,,,
,N,ICS(SCS),2,0,2,2786,0.02%,,,,
,,,,,,,,,,,
,N,INC,40,27,0,7425644,45.34%,,,,
,,,,,,,,,,,
,N,JD,37,0,36,695158,4.24%,,,,
,,,,,,,,,,,
,N,JP,33,0,33,100897,0.62%,,,,
,,,,,,,,,,,
,N,LKD,6,0,6,7607,0.05%,,,,
,,,,,,,,,,,
,S,BSP,21,1,17,580030,3.54%,,,,
,,,,,,,,,,,
,S,FBL,1,0,1,1600,0.01%,,,,
,,,,,,,,,,,
,S,RSP,3,0,3,4171,0.03%,,,,
,,,,,,,,,,,
,U,BDP,1,0,1,1311,0.01%,,,,
,,,,,,,,,,,
,U,BJS,2,0,2,1145,0.01%,,,,
,,,,,,,,,,,
,U,BKUS,4,0,4,4853,0.03%,,,,
,,,,,,,,,,,
,U,DDP,37,0,37,47955,0.29%,,,,
,,,,,,,,,,,
,U,DPI,1,0,1,359,0.00%,,,,
,,,,,,,,,,,
,U,GNP,1,0,1,1954,0.01%,,,,
,,,,,,,,,,,
,U,HMS,6,0,6,7012,0.04%,,,,
,,,,,,,,,,,
,U,JKP,1,0,1,12744,0.08%,,,,
,,,,,,,,,,,
,U,MSD,1,0,1,967,0.01%,,,,
,,,,,,,,,,,
,U,PVP,3,0,3,6897,0.04%,,,,
,,,,,,,,,,,
,U,RPK,1,0,1,3186,0.02%,,,,
,,,,,,,,,,,
,Z,IND,438,0,438,541209,3.30%,,,,
,,,,,,,,,,,
"State/UT total (Contestants, Seats W","on, F","D in Seats, Valid Votes) :",683,40,598,16378467,,,,,
,,,,,,,,,,,
MAHARASHTRA 4,8,,,,,,,,,,
,,,,,,,,,,,
,N,BJP,31,5,6,4706765,20.20%,,,,
,,,,,,,,,,,
,N,CPI,3,0,1,230499,0.99%,,,,
,,,,,,,,,,,
,N,CPM,2,1,0,299320,1.28%,,,,
,,,,,,,,,,,
,N,ICS(SCS),7,0,7,14434,0.06%,,,,
,,,,,,,,,,,
,N,INC,48,38,0,11280003,48.40%,,,,
,,,,,,,,,,,
,N,JD,33,0,19,2456784,10.54%,,,,
,,,,,,,,,,,
,N,JP,23,0,22,166457,0.71%,,,,
,,,,,,,,,,,
,N,LKD,9,0,9,7499,0.03%,,,,
,,,,,,,,,,,
,S,BSP,30,0,30,112327,0.48%,,,,
,,,,,,,,,,,
,S,PWP,6,0,5,295402,1.27%,,,,
,,,,,,,,,,,
,S,RPI,1,0,1,14794,0.06%,,,,
,,,,,,,,,,,
,S,SHS,17,4,0,2201391,9.45%,,,,
,,,,,,,,,,,
,U,AHF,1,0,1,255,0.00%,,,,
,,,,,,,,,,,
,U,BKUS,2,0,2,5107,0.02%,,,,
,,,,,,,,,,,
,U,BRP,6,0,4,323509,1.39%,,,,
,,,,,,,,,,,
,U,DDP,47,0,47,78974,0.34%,,,,
"ELECTIONS - INDIA, 1",991,,,,,,VOT,ES,POLLED IN ST,ATES BY,PARTIES
,,,,,,,,,,,
"STATE/UT,",,,,,,,SEATS,,,VOTES,% OF
NUMBER OF,PAR,TY,PARTY,,,,CONT- SE,ATS,FD IN P,OLLED,VOTES
CONSTITUENCIES,T,YPE,,,,,ESTED W,ON,SEATS BY,PARTY,POLLED
,,,,,,,,,,,
1,,2,3,,,,4,5,6,7,8
,,,,,,,,,,,
MAHARASHTRA,,48,,,,,,,,,
,,,,,,,,,,,
,,U,DMM,,,,1,0,1,1000,0.00%
,,,,,,,,,,,
,,U,DPP,,,,10,0,10,11967,0.05%
,,,,,,,,,,,
,,U,GNP,,,,1,0,1,1651,0.01%
,,,,,,,,,,,
,,U,HJP,,,,1,0,1,86,0.00%
,,,,,,,,,,,
,,U,HMS,,,,2,0,2,1604,0.01%
,,,,,,,,,,,
,,U,JNP,,,,4,0,4,8757,0.04%
,,,,,,,,,,,
,,U,MSD,,,,1,0,1,4856,0.02%
,,,,,,,,,,,
,,U,NP,,,,1,0,1,768,0.00%
,,,,,,,,,,,
,,U,RPI(KM),,,,1,0,1,1300,0.01%
,,,,,,,,,,,
,,U,RPK,,,,3,0,3,82453,0.35%
,,,,,,,,,,,
,,U,RPPI,,,,3,0,3,4967,0.02%
,,,,,,,,,,,
,,U,RSD,,,,3,0,3,8825,0.04%
,,,,,,,,,,,
,,U,SRS,,,,2,0,2,1040,0.00%
,,,,,,,,,,,
,,U,SSD,,,,1,0,1,1063,0.00%
,,,,,,,,,,,
,,U,VBP,,,,1,0,1,56,0.00%
,,,,,,,,,,,
,,U,VPP,,,,4,0,4,5597,0.02%
,,,,,,,,,,,
,,Z,IND,,,,557,0,555,974914,4.18%
,,,,,,,,,,,
"State/UT total (Contestants,",Seats,"Won, F","D in Seats,",Valid,Votes),:,862,48,748,23304424,
,,,,,,,,,,,
MANIPUR,,2,,,,,,,,,
,,,,,,,,,,,
,,N,BJP,,,,2,0,2,68594,8.10%
,,,,,,,,,,,
,,N,ICS(SCS),,,,1,0,0,92583,10.93%
,,,,,,,,,,,
,,N,INC,,,,2,1,0,325023,38.38%
,,,,,,,,,,,
,,N,JD,,,,1,0,0,157059,18.55%
,,,,,,,,,,,
,,N,JP,,,,2,0,2,5890,0.70%
,,,,,,,,,,,
,,S,MRP,,,,1,1,0,169692,20.04%
,,,,,,,,,,,
,,S,NPP,,,,2,0,2,1572,0.19%
,,,,,,,,,,,
,,Z,IND,,,,9,0,9,26394,3.12%
,,,,,,,,,,,
"State/UT total (Contestants,",Seats,"Won, F","D in Seats,",Valid,Votes),:,20,2,15,846807,
,,,,,,,,,,,
MEGHALAYA,,2,,,,,,,,,
,,,,,,,,,,,
,,N,BJP,,,,2,0,2,34265,6.89%
,,,,,,,,,,,
,,N,CPI,,,,2,0,2,6196,1.25%
,,,,,,,,,,,
,,N,INC,,,,2,2,0,281562,56.62%
,,,,,,,,,,,
,,Z,IND,,,,6,0,4,175287,35.25%
,,,,,,,,,,,
"State/UT total (Contestants,",Seats,"Won, F","D in Seats,",Valid,Votes),:,12,2,8,497310,
,,,,,,,,,,,
MIZORAM,,1,,,,,,,,,
,,,,,,,,,,,
,,N,INC,,,,1,1,0,91612,38.08%
,,,,,,,,,,,
,,N,JD,,,,1,0,0,56491,23.48%
,,,,,,,,,,,
,,S,MNF,,,,1,0,0,82019,34.09%
,,,,,,,,,,,
,,Z,IND,,,,4,0,4,10473,4.35%
,,,,,,,,,,,
"State/UT total (Contestants,",Seats,"Won, F","D in Seats,",Valid,Votes),:,7,1,4,240595,
"ELECTIONS - INDIA, 1991",,,VOT,ES,POLLED IN ST,ATES BY,PARTIES,,,,
,,,,,,,,,,,
"STATE/UT,",,,SEATS,,,VOTES,% OF,,,,
NUMBER OF PAR,TY,PARTY,CONT- SE,ATS,FD IN P,OLLED,VOTES,,,,
CONSTITUENCIES T,YPE,,ESTED W,ON,SEATS BY,PARTY,POLLED,,,,
,,,,,,,,,,,
1,2,3,4,5,6,7,8,,,,
,,,,,,,,,,,
NAGALAND,1,,,,,,,,,,
,,,,,,,,,,,
,N,BJP,1,0,1,18655,3.00%,,,,
,,,,,,,,,,,
,N,INC,1,0,0,276161,44.34%,,,,
,,,,,,,,,,,
,S,NPC,1,1,0,328015,52.67%,,,,
,,,,,,,,,,,
"State/UT total (Contestants, Seats","Won, F","D in Seats, Valid Votes) :",3,1,1,622831,,,,,
,,,,,,,,,,,
ORISSA,21,,,,,,,,,,
,,,,,,,,,,,
,N,BJP,21,0,18,991579,9.50%,,,,
,,,,,,,,,,,
,N,CPI,1,1,0,321635,3.08%,,,,
,,,,,,,,,,,
,N,CPM,1,1,0,214429,2.05%,,,,
,,,,,,,,,,,
,N,INC,21,13,0,4598809,44.05%,,,,
,,,,,,,,,,,
,N,JD,19,6,0,3614451,34.62%,,,,
,,,,,,,,,,,
,N,JP,18,0,17,309594,2.97%,,,,
,,,,,,,,,,,
,N,LKD,2,0,2,3151,0.03%,,,,
,,,,,,,,,,,
,S,BSP,7,0,7,15567,0.15%,,,,
,,,,,,,,,,,
,S,JMM,2,0,2,66882,0.64%,,,,
,,,,,,,,,,,
,U,BKUS,1,0,1,2578,0.02%,,,,
,,,,,,,,,,,
,U,DDP,10,0,10,21413,0.21%,,,,
,,,,,,,,,,,
,U,HJP,1,0,1,3705,0.04%,,,,
,,,,,,,,,,,
,U,JKP,2,0,2,9079,0.09%,,,,
,,,,,,,,,,,
,U,JNP,2,0,2,9704,0.09%,,,,
,,,,,,,,,,,
,U,OVP,7,0,7,15893,0.15%,,,,
,,,,,,,,,,,
,U,PBI,5,0,5,10051,0.10%,,,,
,,,,,,,,,,,
,Z,IND,94,0,94,232355,2.23%,,,,
,,,,,,,,,,,
"State/UT total (Contestants, Seats","Won, F","D in Seats, Valid Votes) :",214,21,168,10440875,,,,,
,,,,,,,,,,,
RAJASTHAN,25,,,,,,,,,,
,,,,,,,,,,,
,N,BJP,25,12,0,5027446,40.88%,,,,
,,,,,,,,,,,
,N,CPI,1,0,1,16203,0.13%,,,,
,,,,,,,,,,,
,N,CPM,1,0,1,82945,0.67%,,,,
,,,,,,,,,,,
,N,INC,25,13,0,5407144,43.97%,,,,
,,,,,,,,,,,
,N,JD,22,0,19,757157,6.16%,,,,
,,,,,,,,,,,
,N,JP,21,0,20,398385,3.24%,,,,
,,,,,,,,,,,
,N,LKD,5,0,5,4219,0.03%,,,,
,,,,,,,,,,,
,S,BSP,2,0,2,13989,0.11%,,,,
,,,,,,,,,,,
,S,FBL,2,0,2,434,0.00%,,,,
,,,,,,,,,,,
,S,MUL,4,0,4,920,0.01%,,,,
,,,,,,,,,,,
,S,SAD(M),2,0,2,78166,0.64%,,,,
,,,,,,,,,,,
,U,AHF,1,0,1,1631,0.01%,,,,
,,,,,,,,,,,
,U,DDP,21,0,21,28688,0.23%,,,,
,,,,,,,,,,,
,U,HMS,3,0,3,3409,0.03%,,,,
,,,,,,,,,,,
,U,IDP,1,0,1,2078,0.02%,,,,
,,,,,,,,,,,
,U,JKMP,1,0,1,1503,0.01%,,,,
,,,,,,,,,,,
,U,MSD,4,0,4,4325,0.04%,,,,
"ELECTIONS - INDIA, 1",991,,,,,,VOT,ES,POLLED IN ST,ATES BY,PARTIES
,,,,,,,,,,,
"STATE/UT,",,,,,,,SEATS,,,VOTES,% OF
NUMBER OF,PAR,TY,PARTY,,,,CONT- SE,ATS,FD IN P,OLLED,VOTES
CONSTITUENCIES,T,YPE,,,,,ESTED W,ON,SEATS BY,PARTY,POLLED
,,,,,,,,,,,
1,,2,3,,,,4,5,6,7,8
,,,,,,,,,,,
RAJASTHAN,,25,,,,,,,,,
,,,,,,,,,,,
,,U,MUB,,,,1,0,1,251,0.00%
,,,,,,,,,,,
,,U,SOP(L),,,,2,0,2,1318,0.01%
,,,,,,,,,,,
,,U,SP,,,,2,0,2,4642,0.04%
,,,,,,,,,,,
,,Z,IND,,,,380,0,380,461969,3.76%
,,,,,,,,,,,
"State/UT total (Contestants,",Seats,"Won, F","D in Seats,",Valid,Votes),:,526,25,472,12296822,
,,,,,,,,,,,
SIKKIM,,1,,,,,,,,,
,,,,,,,,,,,
,,N,CPM,,,,1,0,1,3372,2.92%
,,,,,,,,,,,
,,S,SSP,,,,1,1,0,103970,90.12%
,,,,,,,,,,,
,,Z,IND,,,,5,0,5,8031,6.96%
,,,,,,,,,,,
"State/UT total (Contestants,",Seats,"Won, F","D in Seats,",Valid,Votes),:,7,1,6,115373,
,,,,,,,,,,,
TAMIL NADU,,39,,,,,,,,,
,,,,,,,,,,,
,,N,BJP,,,,15,0,14,406869,1.65%
,,,,,,,,,,,
,,N,CPI,,,,2,0,0,503762,2.04%
,,,,,,,,,,,
,,N,CPM,,,,3,0,0,611358,2.48%
,,,,,,,,,,,
,,N,INC,,,,28,28,0,10510569,42.57%
,,,,,,,,,,,
,,N,JD,,,,5,0,0,718222,2.91%
,,,,,,,,,,,
,,N,JP,,,,11,0,11,40819,0.17%
,,,,,,,,,,,
,,N,LKD,,,,3,0,3,3097,0.01%
,,,,,,,,,,,
,,S,ADK,,,,11,11,0,4470542,18.10%
,,,,,,,,,,,
,,S,BSP,,,,2,0,2,3783,0.02%
,,,,,,,,,,,
,,S,DMK,,,,29,0,0,5601597,22.69%
,,,,,,,,,,,
,,S,MUL,,,,4,0,4,97660,0.40%
,,,,,,,,,,,
,,S,PMK,,,,31,0,28,1269690,5.14%
,,,,,,,,,,,
,,U,AMI,,,,3,0,3,8252,0.03%
,,,,,,,,,,,
,,U,DDP,,,,3,0,3,5265,0.02%
,,,,,,,,,,,
,,U,GMK,,,,1,0,1,1030,0.00%
,,,,,,,,,,,
,,U,IML,,,,1,0,1,31387,0.13%
,,,,,,,,,,,
,,U,MGMK,,,,1,0,1,228,0.00%
,,,,,,,,,,,
,,U,MHA,,,,2,0,2,1692,0.01%
,,,,,,,,,,,
,,U,MPP,,,,1,0,1,138,0.00%
,,,,,,,,,,,
,,U,SLL,,,,1,0,1,246,0.00%
,,,,,,,,,,,
,,U,TMK,,,,1,0,1,665,0.00%
,,,,,,,,,,,
,,U,TMM,,,,28,0,28,51744,0.21%
,,,,,,,,,,,
,,Z,IND,,,,275,0,275,353719,1.43%
,,,,,,,,,,,
"State/UT total (Contestants,",Seats,"Won, F","D in Seats,",Valid,Votes),:,461,39,379,24692334,
,,,,,,,,,,,
TRIPURA,,2,,,,,,,,,
,,,,,,,,,,,
,,N,BJP,,,,2,0,2,30359,2.99%
,,,,,,,,,,,
,,N,CPM,,,,2,0,2,66542,6.54%
,,,,,,,,,,,
,,N,INC,,,,2,2,0,842179,82.83%
,,,,,,,,,,,
,,U,AMB,,,,2,0,2,30760,3.03%
"ELECTIONS - INDIA, 1991",,,VOT,ES,POLLED IN ST,ATES BY,PARTIES,,,,
,,,,,,,,,,,
"STATE/UT,",,,SEATS,,,VOTES,% OF,,,,
NUMBER OF PAR,TY,PARTY,CONT- SE,ATS,FD IN P,OLLED,VOTES,,,,
CONSTITUENCIES TY,PE,,ESTED W,ON,SEATS BY,PARTY,POLLED,,,,
,,,,,,,,,,,
1,2,3,4,5,6,7,8,,,,
,,,,,,,,,,,
TRIPURA,2,,,,,,,,,,
,,,,,,,,,,,
,U,CPI(ML),1,0,1,5915,0.58%,,,,
,,,,,,,,,,,
,U,IPF,1,0,1,1157,0.11%,,,,
,,,,,,,,,,,
,Z,IND,7,0,7,39796,3.91%,,,,
,,,,,,,,,,,
"State/UT total (Contestants, Seats","Won, F","D in Seats, Valid Votes) :",17,2,15,1016708,,,,,
,,,,,,,,,,,
UTTAR PRADESH 8,5,,,,,,,,,,
,,,,,,,,,,,
,N,BJP,84,51,4,12306701,32.82%,,,,
,,,,,,,,,,,
,N,CPI,4,1,1,388301,1.04%,,,,
,,,,,,,,,,,
,N,CPM,3,0,1,274686,0.73%,,,,
,,,,,,,,,,,
,N,ICS(SCS),2,0,2,51940,0.14%,,,,
,,,,,,,,,,,
,N,INC,80,5,40,6755015,18.02%,,,,
,,,,,,,,,,,
,N,JD,73,22,21,7975042,21.27%,,,,
,,,,,,,,,,,
,N,JP,81,4,64,3921092,10.46%,,,,
,,,,,,,,,,,
,N,LKD,19,0,19,90165,0.24%,,,,
,,,,,,,,,,,
,S,BSP,67,1,52,3260327,8.70%,,,,
,,,,,,,,,,,
,S,FBL,4,0,4,5574,0.01%,,,,
,,,,,,,,,,,
,S,RPI,3,0,3,10810,0.03%,,,,
,,,,,,,,,,,
,S,SHS,5,0,5,7321,0.02%,,,,
,,,,,,,,,,,
,S,SSP,1,0,1,2277,0.01%,,,,
,,,,,,,,,,,
,U,ABGP,1,0,1,314,0.00%,,,,
,,,,,,,,,,,
,U,ALD,1,0,1,1544,0.00%,,,,
,,,,,,,,,,,
,U,AUM,2,0,2,2542,0.01%,,,,
,,,,,,,,,,,
,U,BJS,2,0,2,3765,0.01%,,,,
,,,,,,,,,,,
,U,BKUS,9,0,9,15440,0.04%,,,,
,,,,,,,,,,,
,U,BLMD,4,0,4,9620,0.03%,,,,
,,,,,,,,,,,
,U,BRP,2,0,2,4432,0.01%,,,,
,,,,,,,,,,,
,U,DDP,77,0,77,144421,0.39%,,,,
,,,,,,,,,,,
,U,DMM,1,0,1,147,0.00%,,,,
,,,,,,,,,,,
,U,HKSP,2,0,2,12820,0.03%,,,,
,,,,,,,,,,,
,U,HMS,15,0,15,49836,0.13%,,,,
,,,,,,,,,,,
,U,IPF,2,0,2,10013,0.03%,,,,
,,,,,,,,,,,
,U,JJP,1,0,1,1245,0.00%,,,,
,,,,,,,,,,,
,U,JKMP,1,0,1,1966,0.01%,,,,
,,,,,,,,,,,
,U,JNP,7,0,7,10064,0.03%,,,,
,,,,,,,,,,,
,U,LTP,1,0,1,408,0.00%,,,,
,,,,,,,,,,,
,U,MDL,1,0,1,573,0.00%,,,,
,,,,,,,,,,,
,U,MSD,2,0,2,4686,0.01%,,,,
,,,,,,,,,,,
,U,NP,2,0,2,1000,0.00%,,,,
,,,,,,,,,,,
,U,PBI,2,0,2,1719,0.00%,,,,
,,,,,,,,,,,
,U,RRP(S),3,0,3,2096,0.01%,,,,
,,,,,,,,,,,
,U,SHS(R),1,0,1,8810,0.02%,,,,
,,,,,,,,,,,
,U,SOP(L),3,0,3,7377,0.02%,,,,
,,,,,,,,,,,
dinStates/UTsbyParties - Page 10 of,14),,,,10,0,,,,,
"ELECTIONS - INDIA, 1",991,,,VOT,ES,POLLED IN ST,ATES BY,PARTIES,,,
,,,,,,,,,,,
"STATE/UT,",,,,SEATS,,,VOTES,% OF,,,
NUMBER OF,PAR,TY,PARTY,CONT- SE,ATS,FD IN P,OLLED,VOTES,,,
CONSTITUENCIES,TY,PE,,ESTED W,ON,SEATS BY,PARTY,POLLED,,,
,,,,,,,,,,,
1,,2,3,4,5,6,7,8,,,
,,,,,,,,,,,
UTTAR PRADESH,8,5,,,,,,,,,
,,,,,,,,,,,
,,U,SOP(RP),3,0,3,7104,0.02%,,,
,,,,,,,,,,,
,,U,SSD,4,0,4,11408,0.03%,,,
,,,,,,,,,,,
,,U,UKD,4,0,4,47369,0.13%,,,
,,,,,,,,,,,
,,U,UPRP,10,0,10,28379,0.08%,,,
,,,,,,,,,,,
,,Z,IND,1016,0,1013,2054320,5.48%,,,
,,,,,,,,,,,
"State/UT total (Contestants,",Seats,"Won, F","D in Seats, Valid Votes) :",1605,84,1393,37492669,,,,
,,,,,,,,,,,
WEST BENGAL,4,2,,,,,,,,,
,,,,,,,,,,,
,,N,BJP,42,0,34,3624974,11.66%,,,
,,,,,,,,,,,
,,N,CPI,3,3,0,1145564,3.69%,,,
,,,,,,,,,,,
,,N,CPM,30,27,0,10934583,35.19%,,,
,,,,,,,,,,,
,,N,INC,39,5,0,10834675,34.86%,,,
,,,,,,,,,,,
,,N,JD,2,0,0,339351,1.09%,,,
,,,,,,,,,,,
,,N,JP,20,0,20,74732,0.24%,,,
,,,,,,,,,,,
,,N,LKD,2,0,2,1963,0.01%,,,
,,,,,,,,,,,
,,S,BSP,27,0,27,116158,0.37%,,,
,,,,,,,,,,,
,,S,FBL,3,3,0,1133038,3.65%,,,
,,,,,,,,,,,
,,S,JMM,4,0,4,79405,0.26%,,,
,,,,,,,,,,,
,,S,MUL,8,0,8,30215,0.10%,,,
,,,,,,,,,,,
,,S,RSP,4,4,0,1402615,4.51%,,,
,,,,,,,,,,,
,,U,AMB,1,0,1,2769,0.01%,,,
,,,,,,,,,,,
,,U,BJS,4,0,4,12105,0.04%,,,
,,,,,,,,,,,
,,U,BKUS,1,0,1,694,0.00%,,,
,,,,,,,,,,,
,,U,CPI(ML),3,0,3,21815,0.07%,,,
,,,,,,,,,,,
,,U,DDP,26,0,26,43366,0.14%,,,
,,,,,,,,,,,
,,U,DMM,1,0,1,1952,0.01%,,,
,,,,,,,,,,,
,,U,HJP,2,0,2,11615,0.04%,,,
,,,,,,,,,,,
,,U,HMS,4,0,4,3535,0.01%,,,
,,,,,,,,,,,
,,U,HSS,5,0,5,5325,0.02%,,,
,,,,,,,,,,,
,,U,IPF,1,0,1,15587,0.05%,,,
,,,,,,,,,,,
,,U,JKP,2,0,1,225519,0.73%,,,
,,,,,,,,,,,
,,U,JNP,1,0,1,1746,0.01%,,,
,,,,,,,,,,,
,,U,MCPI,1,0,1,3208,0.01%,,,
,,,,,,,,,,,
,,U,MIM,1,0,1,2077,0.01%,,,
,,,,,,,,,,,
,,U,SUP,1,0,1,216,0.00%,,,
,,,,,,,,,,,
,,U,WPI,1,0,1,1781,0.01%,,,
,,,,,,,,,,,
,,Z,IND,154,0,152,1006171,3.24%,,,
,,,,,,,,,,,
"State/UT total (Contestants,",Seats,"Won, F","D in Seats, Valid Votes) :",393,42,301,31076754,,,,
,,,,,,,,,,,
MAN & NICOBAR,,1,,,,,,,,,
ISLANDS,,,,,,,,,,,
,,,,,,,,,,,
,,N,BJP,1,0,1,5208,4.85%,,,
,,,,,,,,,,,
,,N,CPM,1,0,0,47374,44.14%,,,
,,,,,,,,,,,
dinStates/UTsbyParties - Page,11 of,14),,,,10,1,,,,
"ELECTIONS - INDIA, 1",991,,,,,,VO,TES POLLE,D IN STA,TES BY,PARTIES
,,,,,,,,,,,
"STATE/UT,",,,,,,,SEATS,,V,OTES,% OF
NUMBER OF,PAR,TY,PARTY,,,,CONT- S,EATS FD I,N P,OLLED,VOTES
CONSTITUENCIES,T,YPE,,,,,ESTED,WON SEA,TS BY,PARTY,POLLED
,,,,,,,,,,,
1,,2,3,,,,4,5 6,,7,8
,,,,,,,,,,,
MAN & NICOBAR,,1,,,,,,,,,
ISLANDS,,,,,,,,,,,
,,,,,,,,,,,
,,N,INC,,,,1,1,0,54075,50.39%
,,,,,,,,,,,
,,Z,IND,,,,2,0,2,659,0.61%
,,,,,,,,,,,
"State/UT total (Contestants,",Seats,"Won, F","D in Seats,",Valid,Votes),:,5,1,3,107316,
,,,,,,,,,,,
CHANDIGARH,,1,,,,,,,,,
,,,,,,,,,,,
,,N,BJP,,,,1,0,0,61533,28.80%
,,,,,,,,,,,
,,N,INC,,,,1,1,0,76628,35.86%
,,,,,,,,,,,
,,N,JD,,,,1,0,1,5905,2.76%
,,,,,,,,,,,
,,N,JP,,,,1,0,0,50177,23.48%
,,,,,,,,,,,
,,S,BSP,,,,1,0,1,10068,4.71%
,,,,,,,,,,,
,,S,FBL,,,,1,0,1,112,0.05%
,,,,,,,,,,,
,,U,DDP,,,,1,0,1,154,0.07%
,,,,,,,,,,,
,,U,KMS,,,,1,0,1,193,0.09%
,,,,,,,,,,,
,,U,MPP,,,,1,0,1,87,0.04%
,,,,,,,,,,,
,,Z,IND,,,,46,0,46,8805,4.12%
,,,,,,,,,,,
"State/UT total (Contestants,",Seats,"Won, F","D in Seats,",Valid,Votes),:,55,1,52,213662,
,,,,,,,,,,,
& NAGAR HAVELI,,1,,,,,,,,,
,,,,,,,,,,,
,,N,BJP,,,,1,0,0,17142,35.39%
,,,,,,,,,,,
,,N,INC,,,,1,1,0,29907,61.74%
,,,,,,,,,,,
,,S,BSP,,,,1,0,1,876,1.81%
,,,,,,,,,,,
,,U,DDP,,,,1,0,1,84,0.17%
,,,,,,,,,,,
,,Z,IND,,,,1,0,1,430,0.89%
,,,,,,,,,,,
"State/UT total (Contestants,",Seats,"Won, F","D in Seats,",Valid,Votes),:,5,1,3,48439,
,,,,,,,,,,,
DAMAN & DIU,,1,,,,,,,,,
,,,,,,,,,,,
,,N,BJP,,,,1,1,0,12095,31.88%
,,,,,,,,,,,
,,N,INC,,,,1,0,0,8623,22.73%
,,,,,,,,,,,
,,N,JD,,,,1,0,1,1036,2.73%
,,,,,,,,,,,
,,U,DDP,,,,1,0,1,45,0.12%
,,,,,,,,,,,
,,Z,IND,,,,8,0,7,16138,42.54%
,,,,,,,,,,,
"State/UT total (Contestants,",Seats,"Won, F","D in Seats,",Valid,Votes),:,12,1,9,37937,
,,,,,,,,,,,
TIONAL CAPITAL,,7,,,,,,,,,
RITORY OF DELHI,,,,,,,,,,,
,,,,,,,,,,,
,,N,BJP,,,,7,5,0,1171156,40.21%
,,,,,,,,,,,
,,N,CPI,,,,1,0,1,2800,0.10%
,,,,,,,,,,,
,,N,INC,,,,7,2,0,1152627,39.57%
,,,,,,,,,,,
,,N,JD,,,,7,0,5,413933,14.21%
,,,,,,,,,,,
,,N,JP,,,,7,0,7,35902,1.23%
,,,,,,,,,,,
,,N,LKD,,,,4,0,4,1624,0.06%
,,,,,,,,,,,
,,S,BSP,,,,7,0,7,26865,0.92%
,,,,,,,,,,,
,,S,FBL,,,,2,0,2,468,0.02%
,,,,,,,,,,,
dinStates/UTsbyParties - Page,12 of,14),,,,,,,10,2,
"ELECTIONS - INDIA, 1",991,,,VO,TES POLLE,D IN STA,TES BY,PARTIES,,,
,,,,,,,,,,,
"STATE/UT,",,,,SEATS,,V,OTES,% OF,,,
NUMBER OF,PAR,TY,PARTY,CONT- S,EATS FD I,N P,OLLED,VOTES,,,
CONSTITUENCIES,TY,PE,,ESTED,WON SEAT,S BY,PARTY,POLLED,,,
,,,,,,,,,,,
1,,2,3,4,5 6,,7,8,,,
,,,,,,,,,,,
TIONAL CAPITAL,,7,,,,,,,,,
RITORY OF DELHI,,,,,,,,,,,
,,,,,,,,,,,
,,S,JPP,2,0,2,587,0.02%,,,
,,,,,,,,,,,
,,S,MUL,2,0,2,1401,0.05%,,,
,,,,,,,,,,,
,,S,RPI,3,0,3,530,0.02%,,,
,,,,,,,,,,,
,,S,SAD(M),1,0,1,9918,0.34%,,,
,,,,,,,,,,,
,,U,AUM,1,0,1,113,0.00%,,,
,,,,,,,,,,,
,,U,AZP,1,0,1,67,0.00%,,,
,,,,,,,,,,,
,,U,BDP,1,0,1,155,0.01%,,,
,,,,,,,,,,,
,,U,BLMD,5,0,5,1217,0.04%,,,
,,,,,,,,,,,
,,U,BSNP,1,0,1,120,0.00%,,,
,,,,,,,,,,,
,,U,DBP,5,0,5,1521,0.05%,,,
,,,,,,,,,,,
,,U,DDP,5,0,5,1158,0.04%,,,
,,,,,,,,,,,
,,U,DMM,1,0,1,115,0.00%,,,
,,,,,,,,,,,
,,U,DND,6,0,6,5436,0.19%,,,
,,,,,,,,,,,
,,U,HMS,2,0,2,305,0.01%,,,
,,,,,,,,,,,
,,U,HSD,1,0,1,193,0.01%,,,
,,,,,,,,,,,
,,U,JC,1,0,1,194,0.01%,,,
,,,,,,,,,,,
,,U,JEM,1,0,1,34,0.00%,,,
,,,,,,,,,,,
,,U,JKMP,1,0,1,1109,0.04%,,,
,,,,,,,,,,,
,,U,JNP,3,0,3,474,0.02%,,,
,,,,,,,,,,,
,,U,KMS,1,0,1,2118,0.07%,,,
,,,,,,,,,,,
,,U,LHM,2,0,2,532,0.02%,,,
,,,,,,,,,,,
,,U,LPI(P),1,0,1,684,0.02%,,,
,,,,,,,,,,,
,,U,MUB,3,0,3,940,0.03%,,,
,,,,,,,,,,,
,,U,PRC,5,0,5,605,0.02%,,,
,,,,,,,,,,,
,,U,RPI(A),1,0,1,521,0.02%,,,
,,,,,,,,,,,
,,U,RPK,1,0,1,164,0.01%,,,
,,,,,,,,,,,
,,U,RUD,2,0,2,316,0.01%,,,
,,,,,,,,,,,
,,U,SMP,2,0,2,2227,0.08%,,,
,,,,,,,,,,,
,,Z,IND,399,0 39,9,74734,2.57%,,,
,,,,,,,,,,,
"State/UT total (Contestants,",Seats,"Won, F","D in Seats, Valid Votes) :",502,7 48,6,2912863,,,,
,,,,,,,,,,,
LAKSHADWEEP,,1,,,,,,,,,
,,,,,,,,,,,
,,N,INC,1,1,0,12801,50.55%,,,
,,,,,,,,,,,
,,N,JD,1,0,0,12520,49.45%,,,
,,,,,,,,,,,
"State/UT total (Contestants,",Seats,"Won, F","D in Seats, Valid Votes) :",2,1,0,25321,,,,
,,,,,,,,,,,
PONDICHERRY,,1,,,,,,,,,
,,,,,,,,,,,
,,N,BJP,1,0,1,7728,1.97%,,,
,,,,,,,,,,,
,,N,INC,1,1,0,207922,53.07%,,,
,,,,,,,,,,,
,,N,JP,1,0,1,3802,0.97%,,,
,,,,,,,,,,,
,,S,DMK,1,0,0,140313,35.81%,,,
,,,,,,,,,,,
,,S,PMK,1,0,1,13375,3.41%,,,
,,,,,,,,,,,
dinStates/UTsbyParties - Page,13 of,14),,,,10,3,,,,
"ELECTIONS - INDIA, 1991",,,VO,TES,POLLED IN ST,ATES BY,PARTIES,,,,
,,,,,,,,,,,
"STATE/UT,",,,SEATS,,,VOTES,% OF,,,,
NUMBER OF PAR,TY,PARTY,CONT- S,EATS,FD IN P,OLLED,VOTES,,,,
CONSTITUENCIES TY,PE,,ESTED,WON,SEATS BY,PARTY,POLLED,,,,
,,,,,,,,,,,
1,2,3,4,5,6,7,8,,,,
,,,,,,,,,,,
PONDICHERRY,1,,,,,,,,,,
,,,,,,,,,,,
,S,PMM,1,0,1,2259,0.58%,,,,
,,,,,,,,,,,
,U,BKUS,1,0,1,548,0.14%,,,,
,,,,,,,,,,,
,U,DDP,1,0,1,2323,0.59%,,,,
,,,,,,,,,,,
,U,TMM,1,0,1,3421,0.87%,,,,
,,,,,,,,,,,
,Z,IND,4,0,4,10092,2.58%,,,,
,,,,,,,,,,,
"State/UT total (Contestants, Seats","Won, F","D in Seats, Valid Votes) :",13,1,11,391783,,,,,
,,,,,,,,,,,
Grand,Total,:,8668,521,7486,275206990,,,,,
,,,,,,,,,,,
"Party, S - State Party, U - Regist",ered (,"Unrecognised) Party, Z -",Independent,,,,,,,,
,,,,,,,,,,,
dinStates/UTsbyParties - Page 14 of,14),,,,1,04,,,,,
